customer_id,address,new_address,initiator_name,request_date
60,"38457 Cassandra Port Suite 224, Lake Jason, CO 02958","501 Hoffman Canyon, Port Matthewmouth, IN 45546",Travis Lewis,4/4/2026
61,"Unit 4428 Box 0067, DPO AA 71483","8379 Mcgrath Cove, Blakeview, NV 63044",Travis Lewis,4/4/2026
62,"4544 Wayne Track Suite 850, Samuelview, HI 47484","494 Davis Corners Suite 842, East Stevenmouth, ME 61602",Travis Lewis,4/4/2026
63,"49780 Stephen Mission, East Alexander, FM 23421","275 Williams Via Apt. 985, North Tina, HI 21929",Travis Lewis,4/4/2026
64,"1869 Cassandra Lakes Apt. 174, Courtneybury, HI 93259","568 Andre Courts Apt. 476, Charlenefurt, SC 99751",Travis Lewis,4/4/2026
65,"501 Hoffman Canyon, Port Matthewmouth, IN 45546","8505 Kaylee Path, Lake Diana, IN 42480",Travis Lewis,4/4/2026
66,"8379 Mcgrath Cove, Blakeview, NV 63044","38457 Cassandra Port Suite 224, Lake Jason, CO 02958",Travis Lewis,4/4/2026
67,"494 Davis Corners Suite 842, East Stevenmouth, ME 61602","Unit 4428 Box 0067, DPO AA 71483",Travis Lewis,4/4/2026
68,"275 Williams Via Apt. 985, North Tina, HI 21929","4544 Wayne Track Suite 850, Samuelview, HI 47484",Travis Lewis,4/4/2026
69,"568 Andre Courts Apt. 476, Charlenefurt, SC 99751","49780 Stephen Mission, East Alexander, FM 23421",Travis Lewis,4/4/2026
70,"8505 Kaylee Path, Lake Diana, IN 42480","1869 Cassandra Lakes Apt. 174, Courtneybury, HI 93259",Travis Lewis,4/5/2026
