customer_id,customer_name,new_name,initiator_name,request_date
31,Dorothy Smith,Richard Spencer,Travis Lewis,4/4/2026
32,Stefanie Johnson,Mr. Cody Nelson,Travis Lewis,4/4/2026
33,Travis Lewis,Jessica Smith,Travis Lewis,4/4/2026
34,William Bush,Amanda Butler,Travis Lewis,4/4/2026
35,Valerie Velasquez,Joshua Jackson,Travis Lewis,4/4/2026
36,Richard Spencer,Dorothy Smith,Travis Lewis,4/4/2026
37,Mr. Cody Nelson,Stefanie Johnson,Travis Lewis,4/4/2026
38,Jessica Smith,Travis Lewis,Travis Lewis,4/4/2026
39,Amanda Butler,William Bush,Travis Lewis,4/4/2026
40,Joshua Jackson,Valerie Velasquez,Travis Lewis,4/4/2026
