feeder_update_id,transformer_id,transformer_name,new_feeder_id,initiator_name,request_date
1,10,Transformer_10,63,Richard Daniel,3/26/2026
2,11,Transformer_11,1,Richard Daniel,3/26/2026
3,12,Transformer_12,84,Richard Daniel,3/26/2026
4,13,Transformer_13,52,Richard Daniel,3/26/2026
5,14,Transformer_14,22,Richard Daniel,3/26/2026
6,15,Transformer_15,83,Richard Daniel,3/26/2026
7,16,Transformer_16,54,Richard Daniel,3/26/2026
8,17,Transformer_17,111,Richard Daniel,3/26/2026
9,18,Transformer_18,5,Richard Daniel,3/26/2026
10,19,Transformer_19,108,Richard Daniel,3/26/2026
