transformer_update_id,customer_id,customer_name,new_transformer_id,initiator_name,request_date
1,21,Dana Manning,2532,Alexandra Porter,3/26/2026
2,22,Jamie Mcclure,1517,Denise Moore,3/26/2026
3,23,Richard Ford,1771,Sarah Harrington MD,3/26/2026
4,24,Stacy Evans,1595,Dave Hess,3/26/2026
5,25,Sarah Robinson,813,Carlos Garcia,3/26/2026
6,26,Justin King,573,Daniel Massey,3/26/2026
7,27,Kristopher Leonard,572,Kathleen Bowman,3/26/2026
8,28,Kristina Wright,2250,Brian Thomas,3/26/2026
9,29,Erin Lewis,2534,Samantha Gray,3/26/2026
10,30,Rebecca Hernandez,3124,Kayla Strickland,3/26/2026
