sales_rep_id,sales_rep_name,sales_rep_phone
1,Regina Brown,001-243-398-1149x9145
2,Jessica Cooper,617.762.8467
3,Erin Phillips,(602)867-7981
4,Marcus Castro Jr.,+1-340-467-5072x4441
5,Anthony Marshall,723.399.5372x51425
6,Mark Miller,001-622-491-7292x510
7,Wendy Steele,+1-988-768-9804x9804
8,Allison Hernandez,(797)440-6994x915
9,David Bass,(543)754-7213x6468
10,John Palmer,+1-713-378-2619x269
11,Dr. Danielle Watkins,001-521-919-7568x5455
12,Kimberly Krause,772-317-3389
13,Adam Burgess,2818636594
14,Brett Brandt,(880)270-9568
15,Angela French,9653264392
16,Antonio Zimmerman,796.318.1654x233
17,Max Porter,001-780-916-3669x1044
18,Eric Miller,(788)760-0203x23589
19,Jennifer Livingston,756-941-3228
20,Wesley Madden,+1-529-321-9136x652
21,Sherri Brown,001-591-993-5827x935
22,Jennifer Anderson,001-534-436-7660x215
23,Jennifer Koch DDS,(398)345-8386
24,Adam Mayo,001-538-990-7513
25,Monique Clements,+1-729-254-0302x83886
26,Justin Miles,+1-607-833-0650x7457
27,Christian Calhoun,001-302-491-2008
28,Christopher Williams,001-205-406-7460x18475
29,Angela Gardner,+1-908-369-8316
30,Matthew Pace,788-630-7494
31,Miranda Santiago,(897)469-9067x77512
32,Stephanie Potter,(776)691-5657x0143
33,Sean Reed,(784)624-3364x8231
34,Keith Brown,001-339-870-1555x47872
35,Thomas Beasley,296.733.4242x0681
36,Samantha Harrington,(511)762-4446
37,Audrey Randolph,001-737-489-2130x348
38,Michelle Jordan,(653)945-3163x292
39,Elizabeth Young,(375)563-7187
40,Stephanie Vasquez,415.911.1034x992
41,Brandon Hoffman,332-561-2613
42,Mrs. Michelle Hill,361.347.0134x2771
43,Edward Sharp,001-762-434-5783x9125
44,Nancy Vaughn,(751)312-8575x12290
45,Christopher Sanchez,(581)578-2850x6020
46,Jacob Christensen,703.720.4836
47,Christine Wright,587-449-8735
48,Brenda Davis,6647653637
49,Benjamin David,645.250.1069x8923
50,Jose Price,(400)296-9114x5476
51,Wendy Davis,+1-266-531-7187x9169
52,James Smith,3689214246
53,Dustin Powers,001-422-613-9065
54,Michael Clayton,+1-642-962-2714x020
55,Nancy Morris,(246)504-7983x8862
56,Robert Rodriguez,677-678-2119
57,Kevin Khan,+1-283-216-0559x86515
58,Timothy Murphy,(491)880-4187
59,Lauren Harris,204-412-1262x66070
60,Elijah Anderson,576-269-4838
61,Seth Gilbert,(379)415-5042x6474
62,Bryan Henry,3339600077
63,Kim Simmons,+1-501-795-5227x5970
64,Andrea Wilkerson,853.853.8002
65,Benjamin King,(633)662-7762
66,Andrea Stafford,9046165834
67,Joshua Pearson,8473452992
68,Christine Gomez,+1-310-961-9546x31357
69,Jessica Thomas,001-217-258-9504
70,Gwendolyn Torres,693-653-6026
71,Julie Nelson,(769)926-2217
72,Joseph Harrison,001-929-880-6728
73,Mr. Alejandro Valdez,001-668-384-9266x0295
74,Stephanie Bryan,(349)510-5850x42771
75,Anna Shepard,001-703-887-3764x49345
76,Jennifer Smith,508-206-5073x63838
77,Tristan Anderson,(805)607-2480x940
78,Jennifer Vaughn,903-623-6695x7445
79,Justin Foster,706.454.7129x680
80,Eric Mejia,+1-550-655-3828x50820
81,Jared Gonzalez,506-354-8931x760
82,Michael Fields,001-415-558-2542x7923
83,Casey Wood,001-425-948-3616
84,Katherine Jenkins,+1-879-236-0940x99454
85,Nicole Harris,(568)886-2087x9387
86,Matthew Lane,2375367537
87,Tracy Davidson,275.205.8154x72781
88,Dylan Mitchell,001-473-675-7093x454
89,Amy Campbell,227-590-1585
90,Jared Bowman,(502)937-4666
91,Edgar Anderson,+1-924-983-8340x735
92,Tammy Buck,(708)443-3537x4089
93,Ryan George,974.442.5192x76296
94,Jordan Arias,001-832-538-8976x9797
95,Anthony Mahoney,938-761-3598x8068
96,John Williams,(437)424-5567x042
97,Tiffany Rowe,001-774-663-2388x361
98,Danny Brown,+1-691-438-3845x65096
99,Shawn Carlson,695.710.9128
100,Christopher Stark,(768)324-5856x0266
101,Eric Morris,480-467-3836x75786
102,Leslie Maldonado,+1-357-622-9036x81228
103,Lisa Roberts,+1-937-724-6458x83721
104,Nicole Frost,424.256.3003x6768
105,Paul Andrews,+1-441-821-9844x832
106,Holly Macdonald MD,701.559.9957
107,Derek Gibson,+1-688-869-6130x0409
108,Stephanie Alexander,001-825-950-2734x6713
109,Kathy Hutchinson,001-313-452-1763
110,Joseph Miller,804.710.6716
111,Denise Willis,3865409143
112,John Gray,9182529687
113,Ryan Vaughan,001-841-856-5034x73507
114,Ariana Banks,(322)642-7388x48336
115,Stephen Vasquez,7304207257
116,John Ashley,001-449-532-8611
117,Molly Anderson,001-795-456-4662x20079
118,Keith Torres,+1-791-208-2645x58926
119,Justin Briggs,939-915-9881
120,George Lee,644.932.7429x2275
121,Jennifer Hart,(603)544-5625x0300
122,Veronica Miles,+1-512-699-0092
123,Dennis Collins,(826)472-9291
124,Amber Booth,920-697-7950
125,David Montgomery,9002786719
126,Brittany Powell,(847)326-9356
127,Fred Haney,(334)650-5003x059
128,Duane Torres,4095176360
129,Karen Watson,+1-700-362-7530x5854
130,Steven Wood,8342153818
131,Jamie Stewart,239-864-7025x5347
132,Melissa Copeland,751-452-0523
133,Jose Brooks,001-573-797-5260x6895
134,Jeffrey Lam,(832)656-4557x03737
135,Robert Hunt,792.686.5747x7949
136,Bradley Perkins,(936)273-3645
137,Patrick Lewis,+1-603-696-8656x604
138,Leonard Johnson,+1-921-356-7535
139,Melissa Rivers,+1-225-884-9902
140,Amy Lee,981.276.9303
141,Alicia Jackson,9563895440
142,Michelle Mueller,001-973-591-2781x7696
143,Sally Ward,300-482-6724x81725
144,Lisa Green,(375)766-0497x26632
145,Michelle Vasquez,+1-282-734-4800x2776
146,Carl Wang,633-897-7559
147,Craig Walker,753-253-5533
148,Sarah Warren,(425)786-3191x529
149,Rachel Sanders,+1-708-454-3045
150,Brenda Keller,(547)329-5453x81987
151,Diane Johnson,+1-804-695-2023x0815
152,Christopher Romero,866.634.4459
153,Isabel Vargas,(578)525-5146
154,William Kramer,(256)883-8029x3979
155,Melissa Howell,412-542-5621
156,Jennifer Lewis,+1-752-914-3793x1360
157,Jason Carney,620-424-5300
158,Jacob Williams,644-416-0474x281
159,Kevin Raymond,505.656.2130
160,Debra Schroeder,(610)942-2858x4670
161,Craig Chandler,757-988-8981x87955
162,Joseph Young,(845)585-4109
163,George Krause,001-320-408-2413x23423
164,Miguel Evans,904-527-8629x50373
165,Alicia Webb,(465)393-3996x798
166,Natalie Parsons,456.686.0598x31347
167,Patricia Murphy,(913)535-1802x94390
168,Marcus King,(647)745-4167x27819
169,Suzanne Peters,318-848-9443x139
170,Jennifer Tucker,278-476-4366x266
171,Travis Hall,(937)348-8106x74592
172,Daisy Park,409.839.6019
173,William Carpenter,(928)667-3124
174,Jacqueline Moore,316.208.0151x91505
175,William Watts,(586)646-5612
176,Julie Austin,2057935344
177,Mark Lopez,482.273.2579x464
178,Jennifer Daniels,756-649-8384
179,Jeffery Gibson,777-536-2648
180,Justin Johnson,+1-237-379-2622x083
181,Mrs. Kimberly Andersen,662.700.1850
182,Michael Lane,(494)303-0359x807
183,Jamie Kirk,685-473-8391x19380
184,Benjamin Jones,001-565-727-6323x9826
185,Christopher Higgins,(855)579-8424
186,Lauren Drake,2203942115
187,Latasha Meyers,(380)833-9319x531
188,Justin Mullins,+1-953-293-2431x58488
189,Lance Grant,001-487-452-9201x848
190,Mary Carroll,206.320.2032x97528
191,Michael Ortiz,(900)544-6138x72547
192,Alexandra Munoz,510.909.6718x8072
193,Sheila Lawrence,701-334-8769
194,Tiffany Stephens,(886)493-9675x013
195,Darlene Jensen,+1-497-759-4229x319
196,David Giles,(809)822-2587
197,Donna King,+1-484-215-9439x130
198,Christian Bird,(959)331-1257
199,Krista Pearson,(797)629-4846
200,Rebecca Munoz,001-450-325-7688x56987
